id;active_from;active_untill;image;image_content_type;question
1;2020-11-21T00:44:11;2020-11-20T14:30:43;../fake-data/blob/hipster.png;image/png;Optimization
2;2020-11-20T17:44:53;2020-11-21T09:36:18;../fake-data/blob/hipster.png;image/png;Cotton
3;2020-11-20T19:41:51;2020-11-21T05:16:17;../fake-data/blob/hipster.png;image/png;Fundamental CSS
4;2020-11-20T18:28:58;2020-11-21T09:40:07;../fake-data/blob/hipster.png;image/png;Specialist
5;2020-11-20T16:21:51;2020-11-20T15:35:01;../fake-data/blob/hipster.png;image/png;National Gorgeous Granite Chair
6;2020-11-20T17:40:54;2020-11-21T09:37:16;../fake-data/blob/hipster.png;image/png;integrated Cambridgeshire Persistent
7;2020-11-20T21:05:51;2020-11-20T22:28:56;../fake-data/blob/hipster.png;image/png;generating payment fresh-thinking
8;2020-11-21T06:29:57;2020-11-20T18:34:35;../fake-data/blob/hipster.png;image/png;Generic Frozen Mouse Burundi
9;2020-11-20T14:36:50;2020-11-21T01:10:47;../fake-data/blob/hipster.png;image/png;e-enable parsing
10;2020-11-20T16:02:27;2020-11-21T12:13:46;../fake-data/blob/hipster.png;image/png;seize
